code,sector,stock_name
600429.XSHG,主要消费,三元股份
002461.XSHE,主要消费,珠江啤酒
002216.XSHE,主要消费,三全食品
600251.XSHG,主要消费,冠农股份
002646.XSHE,主要消费,天佑德酒
600059.XSHG,主要消费,古越龙山
600300.XSHG,主要消费,维维股份
600108.XSHG,主要消费,亚盛集团
002041.XSHE,主要消费,登海种业
002477.XSHE,主要消费,雏鹰退
000848.XSHE,主要消费,承德露露
600073.XSHG,主要消费,上海梅林
600779.XSHG,主要消费,水井坊
000799.XSHE,主要消费,酒鬼酒
000860.XSHE,主要消费,顺鑫农业
600872.XSHG,主要消费,中炬高新
002157.XSHE,主要消费,*ST正邦
002458.XSHE,主要消费,益生股份
603198.XSHG,主要消费,迎驾贡酒
603983.XSHG,主要消费,丸美股份
002946.XSHE,主要消费,新乳业
603345.XSHG,主要消费,安井食品
603605.XSHG,主要消费,珀莱雅
603719.XSHG,主要消费,良品铺子
002124.XSHE,主要消费,天邦食品
000869.XSHE,主要消费,张裕A
300741.XSHE,主要消费,华宝股份
002568.XSHE,主要消费,百润股份
600519.XSHG,主要消费,贵州茅台
600597.XSHG,主要消费,光明乳业
600598.XSHG,主要消费,北大荒
600600.XSHG,主要消费,青岛啤酒
600737.XSHG,主要消费,中粮糖业
600809.XSHG,主要消费,山西汾酒
600873.XSHG,主要消费,梅花生物
600887.XSHG,主要消费,伊利股份
603156.XSHG,主要消费,养元饮品
603288.XSHG,主要消费,海天味业
603317.XSHG,主要消费,天味食品
603369.XSHG,主要消费,今世缘
603517.XSHG,主要消费,绝味食品
603589.XSHG,主要消费,口子窖
603866.XSHG,主要消费,桃李面包
605499.XSHG,主要消费,东鹏饮料
600315.XSHG,主要消费,上海家化
600298.XSHG,主要消费,安琪酵母
600132.XSHG,主要消费,重庆啤酒
000729.XSHE,主要消费,燕京啤酒
000858.XSHE,主要消费,五粮液
000876.XSHE,主要消费,新希望
000895.XSHE,主要消费,双汇发展
000930.XSHE,主要消费,中粮科技
000998.XSHE,主要消费,隆平高科
002299.XSHE,主要消费,圣农发展
002304.XSHE,主要消费,洋河股份
002311.XSHE,主要消费,海大集团
002507.XSHE,主要消费,涪陵榨菜
002511.XSHE,主要消费,中顺洁柔
002557.XSHE,主要消费,洽洽食品
002714.XSHE,主要消费,牧原股份
300146.XSHE,主要消费,汤臣倍健
300498.XSHE,主要消费,温氏股份
300957.XSHE,主要消费,贝泰妮
300999.XSHE,主要消费,金龙鱼
002385.XSHE,主要消费,大北农
000596.XSHE,主要消费,古井贡酒
000568.XSHE,主要消费,泸州老窖
600797.XSHG,信息技术,浙大网新
300085.XSHE,信息技术,银之杰
600601.XSHG,信息技术,方正科技
600654.XSHG,信息技术,ST中安
600666.XSHG,信息技术,ST瑞德
600850.XSHG,信息技术,电科数字
000748.XSHE,信息技术,长城信息
002161.XSHE,信息技术,远望谷
300104.XSHE,信息技术,乐视退
603005.XSHG,信息技术,晶方科技
000555.XSHE,信息技术,神州信息
002315.XSHE,信息技术,焦点科技
600074.XSHG,信息技术,退市保千
603528.XSHG,信息技术,多伦科技
600289.XSHG,信息技术,ST信通
002123.XSHE,信息技术,梦网科技
002106.XSHE,信息技术,莱宝高科
002063.XSHE,信息技术,远光软件
000662.XSHE,信息技术,天夏退
300032.XSHE,信息技术,金龙机电
002657.XSHE,信息技术,中科金财
002261.XSHE,信息技术,拓维信息
300202.XSHE,信息技术,聚龙退
002308.XSHE,信息技术,威创股份
000503.XSHE,信息技术,国新健康
002642.XSHE,信息技术,荣联科技
002354.XSHE,信息技术,天娱数科
300287.XSHE,信息技术,飞利信
002405.XSHE,信息技术,四维图新
600100.XSHG,信息技术,同方股份
300297.XSHE,信息技术,蓝盾退
000727.XSHE,信息技术,冠捷科技
000536.XSHE,信息技术,华映科技
000413.XSHE,信息技术,东旭光电
002280.XSHE,信息技术,联络互动
603025.XSHG,信息技术,大豪科技
002217.XSHE,信息技术,合力泰
603328.XSHG,信息技术,依顿电子
002093.XSHE,信息技术,国脉科技
300324.XSHE,信息技术,旋极信息
300459.XSHE,信息技术,汤姆猫
002544.XSHE,信息技术,普天科技
603888.XSHG,信息技术,新华网
600410.XSHG,信息技术,华胜天成
300113.XSHE,信息技术,顺网科技
002456.XSHE,信息技术,欧菲光
600703.XSHG,信息技术,三安光电
300002.XSHE,信息技术,神州泰岳
300010.XSHE,信息技术,*ST豆神
002635.XSHE,信息技术,安洁科技
300271.XSHE,信息技术,华宇软件
600446.XSHG,信息技术,金证股份
002387.XSHE,信息技术,维信诺
002815.XSHE,信息技术,崇达技术
300166.XSHE,信息技术,东方国信
688088.XSHG,信息技术,虹软科技
600728.XSHG,信息技术,佳都科技
603613.XSHG,信息技术,国联股份
300168.XSHE,信息技术,万达信息
002745.XSHE,信息技术,木林森
600718.XSHG,信息技术,东软集团
300115.XSHE,信息技术,长盈精密
600171.XSHG,信息技术,上海贝岭
688220.XSHG,信息技术,翱捷科技
002241.XSHE,信息技术,歌尔股份
002268.XSHE,信息技术,电科网安
002273.XSHE,信息技术,水晶光电
002368.XSHE,信息技术,太极股份
002371.XSHE,信息技术,北方华创
002373.XSHE,信息技术,千方科技
002409.XSHE,信息技术,雅克科技
688234.XSHG,信息技术,天岳先进
002415.XSHE,信息技术,海康威视
002439.XSHE,信息技术,启明星辰
002463.XSHE,信息技术,沪电股份
002475.XSHE,信息技术,立讯精密
002600.XSHE,信息技术,领益智造
002841.XSHE,信息技术,视源股份
002916.XSHE,信息技术,深南电路
002938.XSHE,信息技术,鹏鼎控股
300088.XSHE,信息技术,长信科技
300223.XSHE,信息技术,北京君正
002236.XSHE,信息技术,大华股份
002230.XSHE,信息技术,科大讯飞
002185.XSHE,信息技术,华天科技
002180.XSHE,信息技术,纳思达
688981.XSHG,信息技术,中芯国际
688728.XSHG,信息技术,格科微
688561.XSHG,信息技术,奇安信
688538.XSHG,信息技术,和辉光电
688536.XSHG,信息技术,思瑞浦
688521.XSHG,信息技术,芯原股份
688396.XSHG,信息技术,华润微
688385.XSHG,信息技术,复旦微电
000021.XSHE,信息技术,深科技
000050.XSHE,信息技术,深天马A
000066.XSHE,信息技术,中国长城
000725.XSHE,信息技术,京东方A
000733.XSHE,信息技术,振华科技
000977.XSHE,信息技术,浪潮信息
000988.XSHE,信息技术,华工科技
000997.XSHE,信息技术,新大陆
002049.XSHE,信息技术,紫光国微
002065.XSHE,信息技术,东华软件
002138.XSHE,信息技术,顺络电子
002152.XSHE,信息技术,广电运通
002153.XSHE,信息技术,石基信息
002156.XSHE,信息技术,通富微电
000636.XSHE,信息技术,风华高科
300296.XSHE,信息技术,利亚德
002410.XSHE,信息技术,广联达
300383.XSHE,信息技术,光环新网
603228.XSHG,信息技术,景旺电子
603267.XSHG,信息技术,鸿远电子
603290.XSHG,信息技术,斯达半导
603501.XSHG,信息技术,韦尔股份
603893.XSHG,信息技术,瑞芯微
603927.XSHG,信息技术,中科软
603986.XSHG,信息技术,兆易创新
605358.XSHG,信息技术,立昂微
688002.XSHG,信息技术,睿创微纳
688008.XSHG,信息技术,澜起科技
688012.XSHG,信息技术,中微公司
688041.XSHG,信息技术,海光信息
688052.XSHG,信息技术,纳芯微
300373.XSHE,信息技术,扬杰科技
688082.XSHG,信息技术,盛美上海
688099.XSHG,信息技术,晶晨股份
688107.XSHG,信息技术,安路科技
688111.XSHG,信息技术,金山办公
688120.XSHG,信息技术,华海清科
688126.XSHG,信息技术,沪硅产业
688153.XSHG,信息技术,唯捷创芯
688200.XSHG,信息技术,华峰测控
603160.XSHG,信息技术,汇顶科技
603019.XSHG,信息技术,中科曙光
688072.XSHG,信息技术,拓荆科技
601231.XSHG,信息技术,环旭电子
601360.XSHG,信息技术,三六零
300408.XSHE,信息技术,三环集团
300433.XSHE,信息技术,蓝思科技
688256.XSHG,信息技术,寒武纪
300496.XSHE,信息技术,中科创达
300604.XSHE,信息技术,长川科技
300661.XSHE,信息技术,圣邦股份
300682.XSHE,信息技术,朗新集团
300782.XSHE,信息技术,卓胜微
300866.XSHE,信息技术,安克创新
301236.XSHE,信息技术,软通动力
300454.XSHE,信息技术,深信服
600183.XSHG,信息技术,生益科技
301269.XSHE,信息技术,华大九天
600845.XSHG,信息技术,宝信软件
600588.XSHG,信息技术,用友网络
600563.XSHG,信息技术,法拉电子
600536.XSHG,信息技术,中国软件
600460.XSHG,信息技术,士兰微
600271.XSHG,信息技术,航天信息
600584.XSHG,信息技术,长电科技
600780.XSHG,公用事业,通宝能源
600509.XSHG,公用事业,天富能源
600617.XSHG,公用事业,国新能源
600483.XSHG,公用事业,福能股份
600864.XSHG,公用事业,哈投股份
000669.XSHE,公用事业,ST金鸿
000939.XSHE,公用事业,凯迪退
600578.XSHG,公用事业,京能电力
600187.XSHG,公用事业,国中水务
600635.XSHG,公用事业,大众公用
600098.XSHG,公用事业,广州发展
600770.XSHG,公用事业,综艺股份
000600.XSHE,公用事业,建投能源
000543.XSHE,公用事业,皖能电力
600903.XSHG,公用事业,贵州燃气
600236.XSHG,公用事业,桂冠电力
000690.XSHE,公用事业,宝新能源
000685.XSHE,公用事业,中山公用
600917.XSHG,公用事业,重庆燃气
600027.XSHG,公用事业,华电国际
600886.XSHG,公用事业,国投电力
600674.XSHG,公用事业,川投能源
600795.XSHG,公用事业,国电电力
600863.XSHG,公用事业,内蒙华电
600900.XSHG,公用事业,长江电力
601139.XSHG,公用事业,深圳燃气
600956.XSHG,公用事业,新天绿能
600995.XSHG,公用事业,南网储能
601016.XSHG,公用事业,节能风电
601985.XSHG,公用事业,中国核电
601158.XSHG,公用事业,重庆水务
601778.XSHG,公用事业,晶科科技
600905.XSHG,公用事业,三峡能源
600642.XSHG,公用事业,申能股份
600008.XSHG,公用事业,首创环保
600032.XSHG,公用事业,浙江新能
000027.XSHE,公用事业,深圳能源
000539.XSHE,公用事业,粤电力A
000591.XSHE,公用事业,太阳能
000883.XSHE,公用事业,湖北能源
600167.XSHG,公用事业,联美控股
001286.XSHE,公用事业,陕西能源
002608.XSHE,公用事业,江苏国信
003816.XSHE,公用事业,中国广核
600011.XSHG,公用事业,华能国际
600021.XSHG,公用事业,上海电力
600023.XSHG,公用事业,浙能电力
600025.XSHG,公用事业,华能水电
001289.XSHE,公用事业,龙源电力
000598.XSHE,公用事业,兴蓉环境
601991.XSHG,公用事业,大唐发电
300267.XSHE,医药卫生,尔康制药
000650.XSHE,医药卫生,仁和药业
002219.XSHE,医药卫生,新里程
600812.XSHG,医药卫生,华北制药
002581.XSHE,医药卫生,未名医药
600252.XSHG,医药卫生,中恒集团
600351.XSHG,医药卫生,亚宝药业
000919.XSHE,医药卫生,金陵药业
603567.XSHG,医药卫生,珍宝岛
002727.XSHE,医药卫生,一心堂
300147.XSHE,医药卫生,香雪制药
600587.XSHG,医药卫生,新华医疗
002551.XSHE,医药卫生,尚荣医疗
300273.XSHE,医药卫生,和佳退
600422.XSHG,医药卫生,昆药集团
002022.XSHE,医药卫生,科华生物
000566.XSHE,医药卫生,海南海药
300039.XSHE,医药卫生,上海凯宝
600518.XSHG,医药卫生,ST康美
600594.XSHG,医药卫生,益佰制药
600267.XSHG,医药卫生,海正药业
600993.XSHG,医药卫生,马应龙
600750.XSHG,医药卫生,江中药业
002332.XSHE,医药卫生,仙琚制药
300199.XSHE,医药卫生,翰宇药业
000766.XSHE,医药卫生,通化金马
002437.XSHE,医药卫生,誉衡药业
002411.XSHE,医药卫生,必康退
600557.XSHG,医药卫生,康缘药业
002118.XSHE,医药卫生,*ST紫鑫
600664.XSHG,医药卫生,哈药股份
002589.XSHE,医药卫生,瑞康医药
600299.XSHG,医药卫生,安迪苏
600201.XSHG,医药卫生,生物股份
600195.XSHG,医药卫生,中牧股份
000078.XSHE,医药卫生,海王生物
600645.XSHG,医药卫生,中源协和
300253.XSHE,医药卫生,卫宁健康
002773.XSHE,医药卫生,康弘药业
000813.XSHE,医药卫生,德展健康
002317.XSHE,医药卫生,众生药业
002038.XSHE,医药卫生,双鹭药业
002424.XSHE,医药卫生,贵州百灵
688363.XSHG,医药卫生,华熙生物
002390.XSHE,医药卫生,信邦制药
603087.XSHG,医药卫生,甘李药业
600572.XSHG,医药卫生,康恩贝
000028.XSHE,医药卫生,国药一致
002382.XSHE,医药卫生,蓝帆医疗
688321.XSHG,医药卫生,微芯生物
600216.XSHG,医药卫生,浙江医药
300869.XSHE,医药卫生,康泰医学
300630.XSHE,医药卫生,普利制药
300463.XSHE,医药卫生,迈克生物
600763.XSHG,医药卫生,通策医疗
688289.XSHG,医药卫生,圣湘生物
688185.XSHG,医药卫生,康希诺
300832.XSHE,医药卫生,新产业
002901.XSHE,医药卫生,大博医疗
300482.XSHE,医药卫生,万孚生物
603259.XSHG,医药卫生,药明康德
600566.XSHG,医药卫生,济川药业
600535.XSHG,医药卫生,天士力
600521.XSHG,医药卫生,华海药业
600511.XSHG,医药卫生,国药股份
600436.XSHG,医药卫生,片仔癀
600867.XSHG,医药卫生,通化东宝
600380.XSHG,医药卫生,健康元
600329.XSHG,医药卫生,达仁堂
600276.XSHG,医药卫生,恒瑞医药
600196.XSHG,医药卫生,复星医药
600161.XSHG,医药卫生,天坛生物
600129.XSHG,医药卫生,太极集团
600085.XSHG,医药卫生,同仁堂
600079.XSHG,医药卫生,人福医药
600332.XSHG,医药卫生,白云山
600998.XSHG,医药卫生,九州通
601607.XSHG,医药卫生,上海医药
603127.XSHG,医药卫生,昭衍新药
688331.XSHG,医药卫生,荣昌生物
688301.XSHG,医药卫生,奕瑞科技
688276.XSHG,医药卫生,百克生物
688271.XSHG,医药卫生,联影医疗
688180.XSHG,医药卫生,君实生物
688114.XSHG,医药卫生,华大智造
688105.XSHG,医药卫生,诺唯赞
688029.XSHG,医药卫生,南微医学
002294.XSHE,医药卫生,信立泰
603883.XSHG,医药卫生,老百姓
603882.XSHG,医药卫生,金域医学
603858.XSHG,医药卫生,步长制药
603707.XSHG,医药卫生,健友股份
603658.XSHG,医药卫生,安图生物
603456.XSHG,医药卫生,九洲药业
603392.XSHG,医药卫生,万泰生物
603233.XSHG,医药卫生,大参林
600062.XSHG,医药卫生,华润双鹤
600056.XSHG,医药卫生,中国医药
300896.XSHE,医药卫生,爱美客
300760.XSHE,医药卫生,迈瑞医疗
002422.XSHE,医药卫生,科伦药业
000423.XSHE,医药卫生,东阿阿胶
000513.XSHE,医药卫生,丽珠集团
000538.XSHE,医药卫生,云南白药
000623.XSHE,医药卫生,吉林敖东
000661.XSHE,医药卫生,长春高新
000739.XSHE,医药卫生,普洛药业
000963.XSHE,医药卫生,华东医药
000999.XSHE,医药卫生,华润三九
002001.XSHE,医药卫生,新和成
002007.XSHE,医药卫生,华兰生物
002019.XSHE,医药卫生,亿帆医药
002030.XSHE,医药卫生,达安基因
002044.XSHE,医药卫生,美年健康
002223.XSHE,医药卫生,鱼跃医疗
002252.XSHE,医药卫生,上海莱士
002262.XSHE,医药卫生,恩华药业
002432.XSHE,医药卫生,九安医疗
688520.XSHG,医药卫生,神州细胞
002603.XSHE,医药卫生,以岭药业
002821.XSHE,医药卫生,凯莱英
300759.XSHE,医药卫生,康龙化成
300677.XSHE,医药卫生,英科医疗
300676.XSHE,医药卫生,华大基因
300601.XSHE,医药卫生,康泰生物
300595.XSHE,医药卫生,欧普康视
300558.XSHE,医药卫生,贝达药业
300529.XSHE,医药卫生,健帆生物
300363.XSHE,医药卫生,博腾股份
300357.XSHE,医药卫生,我武生物
300347.XSHE,医药卫生,泰格医药
300244.XSHE,医药卫生,迪安诊断
300142.XSHE,医药卫生,沃森生物
300122.XSHE,医药卫生,智飞生物
300026.XSHE,医药卫生,红日药业
300015.XSHE,医药卫生,爱尔眼科
300009.XSHE,医药卫生,安科生物
300003.XSHE,医药卫生,乐普医疗
002653.XSHE,医药卫生,海思科
688690.XSHG,医药卫生,纳微科技
603939.XSHG,医药卫生,益丰药房
002399.XSHE,医药卫生,海普瑞
000525.XSHE,原材料,ST红太阳
000511.XSHE,原材料,烯碳退
000603.XSHE,原材料,盛达资源
600803.XSHG,原材料,新奥股份
000693.XSHE,原材料,华泽退
002237.XSHE,原材料,恒邦股份
600456.XSHG,原材料,宝钛股份
600433.XSHG,原材料,冠豪高新
600425.XSHG,原材料,青松建化
000973.XSHE,原材料,佛塑科技
600005.XSHG,原材料,武钢股份
000697.XSHE,原材料,*ST炼石
600586.XSHG,原材料,金晶科技
600596.XSHG,原材料,新安股份
600720.XSHG,原材料,中交设计
000592.XSHE,原材料,平潭发展
000762.XSHE,原材料,西藏矿业
603188.XSHG,原材料,亚邦股份
002428.XSHE,原材料,云南锗业
000612.XSHE,原材料,焦作万方
600366.XSHG,原材料,宁波韵升
600614.XSHG,原材料,退市鹏起
600618.XSHG,原材料,氯碱化工
601020.XSHG,原材料,华钰矿业
000969.XSHE,原材料,安泰科技
002588.XSHE,原材料,史丹利
002450.XSHE,原材料,康得退
600458.XSHG,原材料,时代新材
002254.XSHE,原材料,泰和新材
000761.XSHE,原材料,本钢板材
000426.XSHE,原材料,兴业银锡
601678.XSHG,原材料,滨化股份
601212.XSHG,原材料,白银有色
002470.XSHE,原材料,金正大
600338.XSHG,原材料,西藏珠峰
600277.XSHG,原材料,亿利洁能
600273.XSHG,原材料,嘉化能源
300180.XSHE,原材料,华峰超纤
603256.XSHG,原材料,宏和科技
600529.XSHG,原材料,山东药玻
600881.XSHG,原材料,亚泰集团
002302.XSHE,原材料,西部建设
002075.XSHE,原材料,沙钢股份
002440.XSHE,原材料,闰土股份
000758.XSHE,原材料,中色股份
300285.XSHE,原材料,国瓷材料
002233.XSHE,原材料,塔牌集团
002004.XSHE,原材料,华邦健康
000717.XSHE,原材料,中南股份
000488.XSHE,原材料,晨鸣纸业
601003.XSHG,原材料,柳钢股份
000990.XSHE,原材料,诚志股份
002002.XSHE,原材料,ST鸿达
002701.XSHE,原材料,奥瑞金
600307.XSHG,原材料,酒钢宏兴
600567.XSHG,原材料,山鹰国际
002110.XSHE,原材料,三钢闽光
002250.XSHE,原材料,联化科技
000012.XSHE,原材料,南玻A
000807.XSHE,原材料,云铝股份
600409.XSHG,原材料,三友化工
601969.XSHG,原材料,海南矿业
600259.XSHG,原材料,广晟有色
300618.XSHE,原材料,寒锐钴业
600507.XSHG,原材料,方大特钢
600782.XSHG,原材料,新钢股份
601005.XSHG,原材料,重庆钢铁
002155.XSHE,原材料,湖南黄金
002192.XSHE,原材料,融捷股份
002203.XSHE,原材料,海亮股份
002240.XSHE,原材料,盛新锂能
002326.XSHE,原材料,永太科技
002407.XSHE,原材料,多氟多
002408.XSHE,原材料,齐翔腾达
002460.XSHE,原材料,赣锋锂业
002466.XSHE,原材料,天齐锂业
002493.XSHE,原材料,荣盛石化
002497.XSHE,原材料,雅化集团
002532.XSHE,原材料,天山铝业
002601.XSHE,原材料,龙佰集团
002648.XSHE,原材料,卫星化学
002683.XSHE,原材料,广东宏大
002738.XSHE,原材料,中矿资源
002756.XSHE,原材料,永兴材料
002831.XSHE,原材料,裕同科技
003022.XSHE,原材料,联泓新科
300395.XSHE,原材料,菲利华
300487.XSHE,原材料,蓝晓科技
300699.XSHE,原材料,光威复材
300748.XSHE,原材料,金力永磁
600010.XSHG,原材料,包钢股份
600019.XSHG,原材料,宝钢股份
600022.XSHG,原材料,山东钢铁
600096.XSHG,原材料,云天化
002092.XSHE,原材料,中泰化学
002078.XSHE,原材料,太阳纸业
000060.XSHE,原材料,中金岭南
000301.XSHE,原材料,东方盛虹
000401.XSHE,原材料,冀东水泥
000408.XSHE,原材料,藏格矿业
000553.XSHE,原材料,安道麦A
000629.XSHE,原材料,钒钛股份
000630.XSHE,原材料,铜陵有色
000683.XSHE,原材料,远兴能源
000708.XSHE,原材料,中信特钢
000709.XSHE,原材料,河钢股份
000778.XSHE,原材料,新兴铸管
000792.XSHE,原材料,盐湖股份
000825.XSHE,原材料,太钢不锈
000830.XSHE,原材料,鲁西化工
000831.XSHE,原材料,中国稀土
000877.XSHE,原材料,天山股份
000878.XSHE,原材料,云南铜业
000893.XSHE,原材料,亚钾国际
000898.XSHE,原材料,鞍钢股份
000932.XSHE,原材料,华菱钢铁
000933.XSHE,原材料,神火股份
000959.XSHE,原材料,首钢股份
000960.XSHE,原材料,锡业股份
000970.XSHE,原材料,中科三环
000975.XSHE,原材料,银泰黄金
001203.XSHE,原材料,大中矿业
002064.XSHE,原材料,华峰化学
002080.XSHE,原材料,中材科技
600549.XSHG,原材料,厦门钨业
600585.XSHG,原材料,海螺水泥
600141.XSHG,原材料,兴发集团
600547.XSHG,原材料,山东黄金
600516.XSHG,原材料,方大炭素
600500.XSHG,原材料,中化国际
600497.XSHG,原材料,驰宏锌锗
600489.XSHG,原材料,中金黄金
600486.XSHG,原材料,扬农化工
600426.XSHG,原材料,华鲁恒升
600399.XSHG,原材料,抚顺特钢
600392.XSHG,原材料,盛和资源
600378.XSHG,原材料,昊华科技
600362.XSHG,原材料,江西铜业
600352.XSHG,原材料,浙江龙盛
600346.XSHG,原材料,恒力石化
600309.XSHG,原材料,万华化学
600282.XSHG,原材料,南钢股份
600219.XSHG,原材料,南山铝业
600176.XSHG,原材料,中国巨石
600160.XSHG,原材料,巨化股份
600143.XSHG,原材料,金发科技
600126.XSHG,原材料,杭钢股份
600111.XSHG,原材料,北方稀土
688295.XSHG,原材料,中复神鹰
688122.XSHG,原材料,西部超导
688065.XSHG,原材料,凯赛生物
601636.XSHG,原材料,旗滨集团
600808.XSHG,原材料,马钢股份
600988.XSHG,原材料,赤峰黄金
600989.XSHG,原材料,宝丰能源
601168.XSHG,原材料,西部矿业
601216.XSHG,原材料,君正集团
601233.XSHG,原材料,桐昆股份
601568.XSHG,原材料,北元集团
601600.XSHG,原材料,中国铝业
603993.XSHG,原材料,洛阳钼业
601899.XSHG,原材料,紫金矿业
601958.XSHG,原材料,金钼股份
601992.XSHG,原材料,金隅集团
603077.XSHG,原材料,和邦生物
603225.XSHG,原材料,新凤鸣
603260.XSHG,原材料,合盛硅业
603379.XSHG,原材料,三美股份
603688.XSHG,原材料,石英股份
603737.XSHG,原材料,三棵树
603799.XSHG,原材料,华友钴业
603826.XSHG,原材料,坤彩科技
600673.XSHG,原材料,东阳光
600801.XSHG,原材料,华新水泥
600851.XSHG,可选消费,海欣股份
603366.XSHG,可选消费,日出东方
000921.XSHE,可选消费,海信家电
000719.XSHE,可选消费,中原传媒
600337.XSHG,可选消费,美克家居
601118.XSHG,可选消费,海南橡胶
601965.XSHG,可选消费,中国汽研
002181.XSHE,可选消费,粤传媒
002293.XSHE,可选消费,罗莱生活
600651.XSHG,可选消费,飞乐音响
000030.XSHE,可选消费,富奥股份
000550.XSHE,可选消费,江铃汽车
002678.XSHE,可选消费,珠江钢琴
600825.XSHG,可选消费,新华传媒
603555.XSHG,可选消费,ST贵人
601258.XSHG,可选消费,*ST庞大
601010.XSHG,可选消费,文峰股份
002029.XSHE,可选消费,七匹狼
002238.XSHE,可选消费,天威视讯
600088.XSHG,可选消费,中视传媒
002327.XSHE,可选消费,富安娜
300043.XSHE,可选消费,星辉娱乐
600831.XSHG,可选消费,广电网络
601929.XSHG,可选消费,吉视传媒
000917.XSHE,可选消费,电广传媒
000810.XSHE,可选消费,创维数字
000726.XSHE,可选消费,鲁泰A
000417.XSHE,可选消费,合肥百货
000793.XSHE,可选消费,华闻集团
600220.XSHG,可选消费,江苏阳光
600551.XSHG,可选消费,时代出版
601163.XSHG,可选消费,三角轮胎
603001.XSHG,可选消费,ST奥康
002005.XSHE,可选消费,ST德豪
002292.XSHE,可选消费,奥飞娱乐
002269.XSHE,可选消费,美邦服饰
600628.XSHG,可选消费,新世界
600640.XSHG,可选消费,国脉文化
600936.XSHG,可选消费,广西广电
600682.XSHG,可选消费,南京新百
002190.XSHE,可选消费,成飞集成
001696.XSHE,可选消费,宗申动力
000572.XSHE,可选消费,海马汽车
600687.XSHG,可选消费,退市刚泰
002277.XSHE,可选消费,友阿股份
002345.XSHE,可选消费,潮宏基
002400.XSHE,可选消费,省广集团
000839.XSHE,可选消费,ST国安
000418.XSHE,可选消费,小天鹅A
600086.XSHG,可选消费,退市金钰
600122.XSHG,可选消费,*ST宏图
600633.XSHG,可选消费,浙数文化
300291.XSHE,可选消费,百纳千成
601311.XSHG,可选消费,骆驼股份
600978.XSHG,可选消费,*ST宜生
601777.XSHG,可选消费,力帆科技
002251.XSHE,可选消费,*ST步高
002489.XSHE,可选消费,浙江永强
002512.XSHE,可选消费,达华智能
000541.XSHE,可选消费,佛山照明
000587.XSHE,可选消费,*ST金洲
000829.XSHE,可选消费,天音控股
600280.XSHG,可选消费,中央商场
002707.XSHE,可选消费,众信旅游
002699.XSHE,可选消费,*ST美盛
603877.XSHG,可选消费,太平鸟
002426.XSHE,可选消费,胜利精密
002681.XSHE,可选消费,奋达科技
000158.XSHE,可选消费,常山北明
000980.XSHE,可选消费,众泰汽车
300027.XSHE,可选消费,华谊兄弟
603766.XSHG,可选消费,隆鑫通用
601811.XSHG,可选消费,新华文轩
000025.XSHE,可选消费,特力A
600757.XSHG,可选消费,长江传媒
600996.XSHG,可选消费,贵广网络
601019.XSHG,可选消费,山东出版
600694.XSHG,可选消费,大商股份
600138.XSHG,可选消费,中青旅
600335.XSHG,可选消费,国机汽车
002640.XSHE,可选消费,跨境通
002503.XSHE,可选消费,*ST搜特
000100.XSHE,可选消费,TCL科技
000564.XSHE,可选消费,ST大集
600623.XSHG,可选消费,华谊集团
002419.XSHE,可选消费,天虹股份
002925.XSHE,可选消费,盈趣科技
000501.XSHE,可选消费,武商集团
601127.XSHG,可选消费,赛力斯
601801.XSHG,可选消费,皖新传媒
603377.XSHG,可选消费,东方时尚
603650.XSHG,可选消费,彤程新材
600707.XSHG,可选消费,彩虹股份
002085.XSHE,可选消费,万丰奥威
002024.XSHE,可选消费,ST易购
603708.XSHG,可选消费,家家悦
600733.XSHG,可选消费,北汽蓝谷
600729.XSHG,可选消费,重庆百货
603515.XSHG,可选消费,欧普照明
002434.XSHE,可选消费,万里扬
002416.XSHE,可选消费,爱施德
002242.XSHE,可选消费,九阳股份
002048.XSHE,可选消费,宁波华翔
600297.XSHG,可选消费,广汇汽车
002705.XSHE,可选消费,新宝股份
601718.XSHG,可选消费,际华集团
000333.XSHE,可选消费,美的集团
000581.XSHE,可选消费,威孚高科
689009.XSHG,可选消费,九号公司
000625.XSHE,可选消费,长安汽车
605117.XSHG,可选消费,德业股份
600741.XSHG,可选消费,华域汽车
000559.XSHE,可选消费,万向钱潮
600690.XSHG,可选消费,海尔智家
600660.XSHG,可选消费,福耀玻璃
600655.XSHG,可选消费,豫园股份
600398.XSHG,可选消费,海澜之家
600258.XSHG,可选消费,首旅酒店
600177.XSHG,可选消费,雅戈尔
600104.XSHG,可选消费,上汽集团
600060.XSHG,可选消费,海信视像
300979.XSHE,可选消费,华利集团
300888.XSHE,可选消费,稳健医疗
600754.XSHG,可选消费,锦江酒店
300144.XSHE,可选消费,宋城演艺
002867.XSHE,可选消费,周大生
002607.XSHE,可选消费,中公教育
002594.XSHE,可选消费,比亚迪
002572.XSHE,可选消费,索菲亚
002563.XSHE,可选消费,森马服饰
002508.XSHE,可选消费,老板电器
002472.XSHE,可选消费,双环传动
002429.XSHE,可选消费,兆驰股份
002032.XSHE,可选消费,苏泊尔
000887.XSHE,可选消费,中鼎股份
000651.XSHE,可选消费,格力电器
002920.XSHE,可选消费,德赛西威
688169.XSHG,可选消费,石头科技
600699.XSHG,可选消费,均胜电子
601888.XSHG,可选消费,中国中免
603355.XSHG,可选消费,莱克电气
603305.XSHG,可选消费,旭升集团
603195.XSHG,可选消费,公牛集团
601966.XSHG,可选消费,玲珑轮胎
601933.XSHG,可选消费,永辉超市
603596.XSHG,可选消费,伯特利
601799.XSHG,可选消费,星宇股份
601689.XSHG,可选消费,拓普集团
603486.XSHG,可选消费,科沃斯
601633.XSHG,可选消费,长城汽车
601058.XSHG,可选消费,赛轮轮胎
600859.XSHG,可选消费,王府井
600839.XSHG,可选消费,四川长虹
600827.XSHG,可选消费,百联股份
603786.XSHG,可选消费,科博达
603816.XSHG,可选消费,顾家家居
603833.XSHG,可选消费,欧派家居
603868.XSHG,可选消费,飞科电器
601238.XSHG,可选消费,广汽集团
603529.XSHG,可选消费,爱玛科技
002204.XSHE,工业,大连重工
002143.XSHE,工业,印纪退
002140.XSHE,工业,东华科技
000582.XSHE,工业,北部湾港
000681.XSHE,工业,视觉中国
000951.XSHE,工业,中国重汽
000900.XSHE,工业,现代投资
600320.XSHG,工业,振华重工
601126.XSHG,工业,四方股份
601226.XSHG,工业,华电重工
601369.XSHG,工业,陕鼓动力
603699.XSHG,工业,纽威股份
601515.XSHG,工业,东峰集团
000088.XSHE,工业,盐田港
600761.XSHG,工业,安徽合力
002168.XSHE,工业,惠程科技
002392.XSHE,工业,北京利尔
600180.XSHG,工业,瑞茂通
600112.XSHG,工业,ST天成
002498.XSHE,工业,汉缆股份
002698.XSHE,工业,博实股份
600981.XSHG,工业,汇鸿集团
601908.XSHG,工业,京运通
600783.XSHG,工业,鲁信创投
600468.XSHG,工业,百利电气
600751.XSHG,工业,海航科技
002309.XSHE,工业,ST中利
600200.XSHG,工业,江苏吴中
600537.XSHG,工业,亿晶光电
600805.XSHG,工业,悦达投资
603698.XSHG,工业,航天工程
601886.XSHG,工业,江河集团
600790.XSHG,工业,轻纺城
600496.XSHG,工业,精工钢构
002122.XSHE,工业,汇洲智能
002384.XSHE,工业,东山精密
002325.XSHE,工业,洪涛股份
000099.XSHE,工业,中信海直
000652.XSHE,工业,泰达股份
000680.XSHE,工业,山推股份
000777.XSHE,工业,中核科技
000816.XSHE,工业,智慧农业
600284.XSHG,工业,浦东建设
601002.XSHG,工业,晋亿实业
600894.XSHG,工业,广日股份
600880.XSHG,工业,博瑞传播
600826.XSHG,工业,兰生股份
600685.XSHG,工业,中船防务
002479.XSHE,工业,富春环保
002342.XSHE,工业,巨力索具
000806.XSHE,工业,银河退
002011.XSHE,工业,盾安环境
002073.XSHE,工业,软控股份
600292.XSHG,工业,远达环保
300116.XSHE,工业,保力新
002276.XSHE,工业,万马股份
000049.XSHE,工业,德赛电池
600184.XSHG,工业,光电股份
600270.XSHG,工业,外运发展
002663.XSHE,工业,普邦股份
300156.XSHE,工业,神雾退
603169.XSHG,工业,兰石重装
002310.XSHE,工业,东方园林
002344.XSHE,工业,海宁皮城
002509.XSHE,工业,天茂退
002431.XSHE,工业,棕榈股份
300055.XSHE,工业,万邦达
600151.XSHG,工业,航天机电
600169.XSHG,工业,太原重工
600179.XSHG,工业,安通控股
300266.XSHE,工业,兴源环境
603569.XSHG,工业,长久物流
600525.XSHG,工业,长园集团
600611.XSHG,工业,大众交通
002358.XSHE,工业,森源电气
002366.XSHE,工业,融发核电
002482.XSHE,工业,*ST广田
002672.XSHE,工业,东江环保
002573.XSHE,工业,清新环境
002176.XSHE,工业,江特电机
600317.XSHG,工业,营口港
300159.XSHE,工业,新研股份
601326.XSHG,工业,秦港股份
601717.XSHG,工业,郑煤机
600939.XSHG,工业,重庆建工
600058.XSHG,工业,五矿发展
600125.XSHG,工业,铁龙物流
600221.XSHG,工业,海航控股
300197.XSHE,工业,节能铁汉
600017.XSHG,工业,日照港
600428.XSHG,工业,中远海特
601018.XSHG,工业,宁波港
600874.XSHG,工业,创业环保
600478.XSHG,工业,科力远
002665.XSHE,工业,首航高科
603556.XSHG,工业,海兴电力
000008.XSHE,工业,神州高铁
600545.XSHG,工业,卓郎智能
600575.XSHG,工业,淮河能源
600869.XSHG,工业,远东股份
002957.XSHE,工业,科瑞技术
002941.XSHE,工业,新疆交建
002051.XSHE,工业,中工国际
002212.XSHE,工业,天融信
601068.XSHG,工业,中铝国际
002818.XSHE,工业,富森美
601727.XSHG,工业,上海电气
002050.XSHE,工业,三花智控
002127.XSHE,工业,南极电商
002191.XSHE,工业,劲嘉股份
000061.XSHE,工业,农产品
000415.XSHE,工业,渤海租赁
000826.XSHE,工业,启迪环境
000967.XSHE,工业,盈峰环境
300474.XSHE,工业,景嘉微
600068.XSHG,工业,葛洲坝
600312.XSHG,工业,平高电气
600388.XSHG,工业,龙净环保
002375.XSHE,工业,亚厦股份
000090.XSHE,工业,天健集团
002013.XSHE,工业,中航机电
601975.XSHG,工业,招商南油
601200.XSHG,工业,上海环境
600717.XSHG,工业,天津港
600835.XSHG,工业,上海机电
000528.XSHE,工业,柳工
001965.XSHE,工业,招商公路
600026.XSHG,工业,中远海能
300072.XSHE,工业,海新能科
300376.XSHE,工业,易事特
600006.XSHG,工业,东风汽车
601333.XSHG,工业,广深铁路
600739.XSHG,工业,辽宁成大
600787.XSHG,工业,中储股份
002430.XSHE,工业,杭氧股份
000062.XSHE,工业,深圳华强
300769.XSHE,工业,德方纳米
600667.XSHG,工业,太极实业
002249.XSHE,工业,大洋电机
688777.XSHG,工业,中控技术
002183.XSHE,工业,怡亚通
002081.XSHE,工业,金螳螂
002985.XSHE,工业,北摩高科
688009.XSHG,工业,中国通号
603638.XSHG,工业,艾迪精密
688116.XSHG,工业,天奈科技
300012.XSHE,工业,华测检测
000155.XSHE,工业,川能动力
000425.XSHE,工业,徐工机械
000400.XSHE,工业,许继电气
000338.XSHE,工业,潍柴动力
000157.XSHE,工业,中联重科
000009.XSHE,工业,中国宝安
000089.XSHE,工业,深圳机场
000039.XSHE,工业,中集集团
300014.XSHE,工业,亿纬锂能
601298.XSHG,工业,青岛港
601228.XSHG,工业,广州港
601186.XSHG,工业,中国铁建
601179.XSHG,工业,中国西电
601156.XSHG,工业,东航物流
601117.XSHG,工业,中国化学
601111.XSHG,工业,中国国航
601106.XSHG,工业,中国一重
601100.XSHG,工业,恒立液压
601061.XSHG,工业,中信金属
601021.XSHG,工业,春秋航空
601012.XSHG,工业,隆基绿能
601390.XSHG,工业,中国中铁
601006.XSHG,工业,大秦铁路
600970.XSHG,工业,中材国际
600967.XSHG,工业,内蒙一机
600893.XSHG,工业,航发动力
600885.XSHG,工业,宏发股份
600884.XSHG,工业,杉杉股份
600879.XSHG,工业,航天电子
600875.XSHG,工业,东方电气
600862.XSHG,工业,中航高科
600820.XSHG,工业,隧道股份
600765.XSHG,工业,中航重机
600764.XSHG,工业,中国海防
600760.XSHG,工业,中航沈飞
601000.XSHG,工业,唐山港
600755.XSHG,工业,厦门国贸
601598.XSHG,工业,中国外运
601611.XSHG,工业,中国核建
603885.XSHG,工业,吉祥航空
603806.XSHG,工业,福斯特
603659.XSHG,工业,璞泰来
000519.XSHE,工业,中兵红箭
603568.XSHG,工业,伟明环保
603338.XSHG,工业,浙江鼎力
603218.XSHG,工业,日月股份
603185.XSHG,工业,弘元绿能
603056.XSHG,工业,德邦股份
603026.XSHG,工业,胜华新材
601989.XSHG,工业,中国重工
601919.XSHG,工业,中远海控
601608.XSHG,工业,中信重工
601880.XSHG,工业,辽港股份
601872.XSHG,工业,招商轮船
601868.XSHG,工业,中国能建
601866.XSHG,工业,中远海发
601865.XSHG,工业,福莱特
601828.XSHG,工业,美凯龙
601816.XSHG,工业,京沪高铁
601800.XSHG,工业,中国交建
601766.XSHG,工业,中国中车
601669.XSHG,工业,中国电建
601668.XSHG,工业,中国建筑
601618.XSHG,工业,中国中冶
601615.XSHG,工业,明阳智能
601877.XSHG,工业,正泰电器
603899.XSHG,工业,晨光股份
600732.XSHG,工业,爱旭股份
600582.XSHG,工业,天地科技
600009.XSHG,工业,上海机场
600004.XSHG,工业,白云机场
301029.XSHE,工业,怡合达
300919.XSHE,工业,中伟股份
300861.XSHE,工业,美畅股份
300850.XSHE,工业,新强联
300776.XSHE,工业,帝尔激光
300763.XSHE,工业,锦浪科技
300751.XSHE,工业,迈为股份
300750.XSHE,工业,宁德时代
300724.XSHE,工业,捷佳伟创
300568.XSHE,工业,星源材质
600018.XSHG,工业,上港集团
300450.XSHE,工业,先导智能
300390.XSHE,工业,天华新能
300316.XSHE,工业,晶盛机电
300274.XSHE,工业,阳光电源
300257.XSHE,工业,开山股份
300207.XSHE,工业,欣旺达
300124.XSHE,工业,汇川技术
300118.XSHE,工业,东方日升
300114.XSHE,工业,中航电测
300073.XSHE,工业,当升科技
300070.XSHE,工业,碧水源
300037.XSHE,工业,新宙邦
300024.XSHE,工业,机器人
300438.XSHE,工业,鹏辉能源
600704.XSHG,工业,物产中大
600029.XSHG,工业,南方航空
600038.XSHG,工业,中直股份
600580.XSHG,工业,卧龙电驱
600528.XSHG,工业,中铁工业
600517.XSHG,工业,国网英大
600499.XSHG,工业,科达制造
600482.XSHG,工业,中国动力
600481.XSHG,工业,双良节能
600438.XSHG,工业,通威股份
600435.XSHG,工业,北方导航
600418.XSHG,工业,江淮汽车
600416.XSHG,工业,湘电股份
600415.XSHG,工业,小商品城
600406.XSHG,工业,国电南瑞
600031.XSHG,工业,三一重工
600377.XSHG,工业,宁沪高速
600350.XSHG,工业,山东高速
600316.XSHG,工业,洪都航空
600233.XSHG,工业,圆通速递
600170.XSHG,工业,上海建工
600166.XSHG,工业,福田汽车
600153.XSHG,工业,建发股份
600150.XSHG,工业,中国船舶
600118.XSHG,工业,中国卫星
600115.XSHG,工业,中国东航
600089.XSHG,工业,特变电工
600066.XSHG,工业,宇通客车
600039.XSHG,工业,四川路桥
600372.XSHG,工业,中航机载
688005.XSHG,工业,容百科技
603606.XSHG,工业,东方电缆
688348.XSHG,工业,昱能科技
002865.XSHE,工业,钧达股份
002850.XSHE,工业,科达利
002812.XSHE,工业,恩捷股份
002791.XSHE,工业,坚朗五金
002761.XSHE,工业,浙江建投
002709.XSHE,工业,天赐材料
002690.XSHE,工业,美亚光电
002625.XSHE,工业,光启技术
003035.XSHE,工业,南网能源
002595.XSHE,工业,豪迈科技
002518.XSHE,工业,科士达
002506.XSHE,工业,协鑫集成
002505.XSHE,工业,鹏都农牧
002487.XSHE,工业,大金重工
002468.XSHE,工业,申通快递
002459.XSHE,工业,晶澳科技
002444.XSHE,工业,巨星科技
002414.XSHE,工业,高德红外
002531.XSHE,工业,天顺风能
002372.XSHE,工业,伟星新材
300001.XSHE,工业,特锐德
688779.XSHG,工业,长远锂科
688063.XSHG,工业,派能科技
688187.XSHG,工业,时代电气
688188.XSHG,工业,柏楚电子
688208.XSHG,工业,道通科技
688223.XSHG,工业,晶科能源
688248.XSHG,工业,南网科技
688281.XSHG,工业,华秦科技
688297.XSHG,工业,中无人机
688819.XSHG,工业,天能股份
688303.XSHG,工业,大全能源
688375.XSHG,工业,国博电子
688390.XSHG,工业,固德威
688425.XSHG,工业,铁建重工
688516.XSHG,工业,奥特维
688567.XSHG,工业,孚能科技
688599.XSHG,工业,天合光能
688772.XSHG,工业,珠海冠宇
688778.XSHG,工业,厦钨新能
688349.XSHG,工业,三一重能
688032.XSHG,工业,禾迈股份
002352.XSHE,工业,顺丰控股
002271.XSHE,工业,东方雨虹
002340.XSHE,工业,格林美
000738.XSHE,工业,航发控制
000768.XSHE,工业,中航西飞
000785.XSHE,工业,居然之家
000786.XSHE,工业,北新建材
000800.XSHE,工业,一汽解放
001872.XSHE,工业,招商港口
002008.XSHE,工业,大族激光
002010.XSHE,工业,传化智联
688006.XSHG,工业,杭可科技
002028.XSHE,工业,思源电气
002056.XSHE,工业,横店东磁
002074.XSHE,工业,国轩高科
002120.XSHE,工业,韵达股份
002129.XSHE,工业,TCL中环
002179.XSHE,工业,中航光电
002202.XSHE,工业,金风科技
002025.XSHE,工业,航天电器
002266.XSHE,工业,浙富控股
600997.XSHG,能源,开滦股份
601101.XSHG,能源,昊华能源
000852.XSHE,能源,石化机械
002267.XSHE,能源,陕天然气
600397.XSHG,能源,安源煤业
600175.XSHG,能源,退市美都
002018.XSHE,能源,华信退
600395.XSHG,能源,盘江股份
600971.XSHG,能源,恒源煤电
600688.XSHG,能源,上海石化
000552.XSHE,能源,甘肃能化
600759.XSHG,能源,ST洲际
601001.XSHG,能源,晋控煤业
600777.XSHG,能源,新潮能源
002128.XSHE,能源,电投能源
600256.XSHG,能源,广汇能源
002221.XSHE,能源,东华能源
600339.XSHG,能源,中油工程
600188.XSHG,能源,兖矿能源
600157.XSHG,能源,永泰能源
000983.XSHE,能源,山西焦煤
002353.XSHE,能源,杰瑞股份
600348.XSHG,能源,华阳股份
000937.XSHE,能源,冀中能源
000723.XSHE,能源,美锦能源
600028.XSHG,能源,中国石化
600546.XSHG,能源,山煤国际
600968.XSHG,能源,海油发展
600871.XSHG,能源,石化油服
600925.XSHG,能源,苏能股份
600938.XSHG,能源,中国海油
600985.XSHG,能源,淮北矿业
601088.XSHG,能源,中国神华
601225.XSHG,能源,陕西煤业
601666.XSHG,能源,平煤股份
601808.XSHG,能源,中海油服
601857.XSHG,能源,中国石油
601898.XSHG,能源,中煤能源
600583.XSHG,能源,海油工程
601699.XSHG,能源,潞安环能
000703.XSHE,能源,恒逸石化
600198.XSHG,通信服务,大唐电信
002194.XSHE,通信服务,武汉凡谷
600485.XSHG,通信服务,*ST信威
000547.XSHE,通信服务,航天发展
002359.XSHE,通信服务,北讯退
002491.XSHE,通信服务,通鼎互联
300134.XSHE,通信服务,大富科技
600260.XSHG,通信服务,*ST凯乐
601138.XSHG,通信服务,工业富联
600804.XSHG,通信服务,ST鹏博士
600745.XSHG,通信服务,闻泰科技
002583.XSHE,通信服务,海能达
688036.XSHG,通信服务,传音控股
600776.XSHG,通信服务,东方通信
300315.XSHE,通信服务,掌趣科技
300133.XSHE,通信服务,华策影视
600522.XSHG,通信服务,中天科技
600037.XSHG,通信服务,歌华有线
002174.XSHE,通信服务,游族网络
300136.XSHE,通信服务,信维通信
002602.XSHE,通信服务,世纪华通
002396.XSHE,通信服务,星网锐捷
601869.XSHG,通信服务,长飞光纤
600487.XSHG,通信服务,亨通光电
600556.XSHG,通信服务,天下秀
300442.XSHE,通信服务,润泽科技
300182.XSHE,通信服务,捷成股份
000063.XSHE,通信服务,中兴通讯
300418.XSHE,通信服务,昆仑万维
300502.XSHE,通信服务,新易盛
300628.XSHE,通信服务,亿联网络
600050.XSHG,通信服务,中国联通
600131.XSHG,通信服务,国网信通
600373.XSHG,通信服务,中文传媒
300413.XSHE,通信服务,芒果超媒
600498.XSHG,通信服务,烽火通信
600941.XSHG,通信服务,中国移动
600959.XSHG,通信服务,江苏有线
600977.XSHG,通信服务,中国电影
601098.XSHG,通信服务,中南传媒
601698.XSHG,通信服务,中国卫通
601728.XSHG,通信服务,中国电信
600637.XSHG,通信服务,东方明珠
601928.XSHG,通信服务,凤凰传媒
300394.XSHE,通信服务,天孚通信
300251.XSHE,通信服务,光线传媒
002027.XSHE,通信服务,分众传媒
002131.XSHE,通信服务,利欧股份
002195.XSHE,通信服务,岩山科技
002281.XSHE,通信服务,光迅科技
002465.XSHE,通信服务,海格通信
002517.XSHE,通信服务,恺英网络
300308.XSHE,通信服务,中际旭创
002555.XSHE,通信服务,三七互娱
002624.XSHE,通信服务,完美世界
002739.XSHE,通信服务,万达电影
003031.XSHE,通信服务,中瓷电子
300017.XSHE,通信服务,网宿科技
300058.XSHE,通信服务,蓝色光标
300212.XSHE,通信服务,易华录
002558.XSHE,通信服务,巨人网络
603000.XSHG,通信服务,人民网
603444.XSHG,通信服务,吉比特
603712.XSHG,通信服务,七一二
000938.XSHE,通信服务,紫光股份
000156.XSHE,通信服务,华数传媒
688387.XSHG,通信服务,信科移动
600510.XSHG,金融地产,黑牡丹
000861.XSHE,金融地产,海印股份
000931.XSHE,金融地产,中关村
000631.XSHE,金融地产,顺发恒业
600067.XSHG,金融地产,冠城大通
000517.XSHE,金融地产,荣安地产
000616.XSHE,金融地产,*ST海投
000620.XSHE,金融地产,*ST新联
600736.XSHG,金融地产,苏州高新
000897.XSHE,金融地产,津滨发展
000981.XSHE,金融地产,山子高科
601375.XSHG,金融地产,中原证券
000979.XSHE,金融地产,中弘退
002147.XSHE,金融地产,新光退
000667.XSHE,金融地产,ST美置
600503.XSHG,金融地产,华丽家族
600743.XSHG,金融地产,华远地产
600773.XSHG,金融地产,西藏城投
600240.XSHG,金融地产,退市华业
000926.XSHE,金融地产,福星股份
600393.XSHG,金融地产,ST粤泰
000006.XSHE,金融地产,深振业A
600816.XSHG,金融地产,建元信托
002285.XSHE,金融地产,世联行
000712.XSHE,金融地产,锦龙股份
600565.XSHG,金融地产,迪马股份
600570.XSHG,金融地产,恒生电子
600053.XSHG,金融地产,九鼎投资
002807.XSHE,金融地产,江阴银行
000627.XSHE,金融地产,天茂集团
600291.XSHG,金融地产,退市西水
600158.XSHG,金融地产,中体产业
600675.XSHG,金融地产,中华企业
600748.XSHG,金融地产,上实发展
600094.XSHG,金融地产,大名城
002839.XSHE,金融地产,张家港行
300033.XSHE,金融地产,同花顺
000732.XSHE,金融地产,ST泰禾
601512.XSHG,金融地产,中新集团
600340.XSHG,金融地产,华夏幸福
601099.XSHG,金融地产,太平洋
000046.XSHE,金融地产,*ST泛海
000537.XSHE,金融地产,中绿电
600266.XSHG,金融地产,城建发展
600466.XSHG,金融地产,*ST蓝光
600639.XSHG,金融地产,浦东金桥
600643.XSHG,金融地产,爱建集团
600908.XSHG,金融地产,无锡银行
600657.XSHG,金融地产,信达地产
600649.XSHG,金融地产,城投控股
000671.XSHE,金融地产,ST阳光城
000686.XSHE,金融地产,东北证券
000718.XSHE,金融地产,苏宁环球
601860.XSHG,金融地产,紫金银行
601825.XSHG,金融地产,沪农商行
600120.XSHG,金融地产,浙江东方
600823.XSHG,金融地产,ST世茂
600811.XSHG,金融地产,东方集团
002948.XSHE,金融地产,青岛银行
000540.XSHE,金融地产,*ST中天
000656.XSHE,金融地产,金科股份
000961.XSHE,金融地产,中南建设
002146.XSHE,金融地产,荣盛发展
600376.XSHG,金融地产,首开股份
600064.XSHG,金融地产,南京高科
600648.XSHG,金融地产,外高桥
601136.XSHG,金融地产,首创证券
600383.XSHG,金融地产,金地集团
600705.XSHG,金融地产,中航产融
601577.XSHG,金融地产,长沙银行
600919.XSHG,金融地产,江苏银行
600926.XSHG,金融地产,杭州银行
600927.XSHG,金融地产,永安期货
600928.XSHG,金融地产,西安银行
600958.XSHG,金融地产,东方证券
600999.XSHG,金融地产,招商证券
601009.XSHG,金融地产,南京银行
601059.XSHG,金融地产,信达证券
601066.XSHG,金融地产,中信建投
601077.XSHG,金融地产,渝农商行
601108.XSHG,金融地产,财通证券
601128.XSHG,金融地产,常熟银行
601155.XSHG,金融地产,新城控股
601162.XSHG,金融地产,天风证券
601166.XSHG,金融地产,兴业银行
601169.XSHG,金融地产,北京银行
601198.XSHG,金融地产,东兴证券
601211.XSHG,金融地产,国泰君安
601229.XSHG,金融地产,上海银行
601236.XSHG,金融地产,红塔证券
601288.XSHG,金融地产,农业银行
601318.XSHG,金融地产,中国平安
601319.XSHG,金融地产,中国人保
601328.XSHG,金融地产,交通银行
601336.XSHG,金融地产,新华保险
601377.XSHG,金融地产,兴业证券
601398.XSHG,金融地产,工商银行
601456.XSHG,金融地产,国联证券
601555.XSHG,金融地产,东吴证券
601601.XSHG,金融地产,中国太保
601187.XSHG,金融地产,厦门银行
001979.XSHE,金融地产,招商蛇口
601628.XSHG,金融地产,中国人寿
002670.XSHE,金融地产,国盛金控
002673.XSHE,金融地产,西部证券
002736.XSHE,金融地产,国信证券
002797.XSHE,金融地产,第一创业
002926.XSHE,金融地产,华西证券
002936.XSHE,金融地产,郑州银行
002500.XSHE,金融地产,山西证券
002939.XSHE,金融地产,长城证券
600909.XSHG,金融地产,华安证券
002958.XSHE,金融地产,青农商行
002966.XSHE,金融地产,苏州银行
300059.XSHE,金融地产,东方财富
600000.XSHG,金融地产,浦发银行
600015.XSHG,金融地产,华夏银行
002945.XSHE,金融地产,华林证券
002423.XSHE,金融地产,中粮资本
002244.XSHE,金融地产,滨江集团
000001.XSHE,金融地产,平安银行
001914.XSHE,金融地产,招商积余
001227.XSHE,金融地产,兰州银行
000987.XSHE,金融地产,越秀资本
000958.XSHE,金融地产,电投产融
000783.XSHE,金融地产,长江证券
000776.XSHE,金融地产,广发证券
000750.XSHE,金融地产,国海证券
000728.XSHE,金融地产,国元证券
000617.XSHE,金融地产,中油资本
000563.XSHE,金融地产,陕国投A
000402.XSHE,金融地产,金融街
000166.XSHE,金融地产,申万宏源
000069.XSHE,金融地产,华侨城A
000031.XSHE,金融地产,大悦城
000002.XSHE,金融地产,万科A
600016.XSHG,金融地产,民生银行
002142.XSHE,金融地产,宁波银行
600030.XSHG,金融地产,中信证券
600048.XSHG,金融地产,保利发展
601990.XSHG,金融地产,南京证券
601988.XSHG,金融地产,中国银行
601939.XSHG,金融地产,建设银行
601916.XSHG,金融地产,浙商银行
601901.XSHG,金融地产,方正证券
601881.XSHG,金融地产,中国银河
601995.XSHG,金融地产,中金公司
601878.XSHG,金融地产,浙商证券
601818.XSHG,金融地产,光大银行
601788.XSHG,金融地产,光大证券
601696.XSHG,金融地产,中银证券
601688.XSHG,金融地产,华泰证券
601665.XSHG,金融地产,齐鲁银行
601658.XSHG,金融地产,邮储银行
601838.XSHG,金融地产,成都银行
601997.XSHG,金融地产,贵阳银行
601998.XSHG,金融地产,中信银行
600906.XSHG,金融地产,财达证券
600061.XSHG,金融地产,国投资本
600095.XSHG,金融地产,湘财股份
600109.XSHG,金融地产,国金证券
600155.XSHG,金融地产,华创云信
600208.XSHG,金融地产,新湖中宝
600325.XSHG,金融地产,华发股份
600369.XSHG,金融地产,西南证券
600390.XSHG,金融地产,五矿资本
600515.XSHG,金融地产,海南机场
600606.XSHG,金融地产,绿地控股
600663.XSHG,金融地产,陆家嘴
600837.XSHG,金融地产,海通证券
600848.XSHG,金融地产,上海临港
600895.XSHG,金融地产,张江高科
600901.XSHG,金融地产,江苏金租
600036.XSHG,金融地产,招商银行
600918.XSHG,金融地产,中泰证券
